"GRF","Gene_Symbol","Ensembl_ID","Gene_Synonyms","Chromossomal_Location","TFCat_ID","Functional_Classification","NCBI_Gene_ID","TFClass","HTFDB_ID","DBD","Is_TF","TF_assessment","Binding_mode","Motif_status","Notes"
"ENSP00000005340_","DVL2","ENSG00000004975",NA,"Chromosome_17:_7,225,342-7,234,517_reverse_strand.",NA,NA,1856,NA,1963,"Unknown","No","Unlikely_to_be_sequence_specific_TF","Not_a_DNA_binding_protein","No_motif","none"
"ENSP00000006015","HOXA11","ENSG00000005073","HOX1,_HOX1I","Chromosome_7:_27,181,510-27,185,223_reverse_strand.",NA,NA,3207,"3.1.1.8.9",1337,"Homeodomain","Yes","Known_motif","Monomer_or_homomultimer","High-throughput_in_vitro","Also_forms_heterodimers_with_MEIS_and_PBX."
"ENSP00000008391","TFAP2D","ENSG00000008197","TFAP2BL1","Chromosome_6:_50,713,828-50,772,988_forward_strand.",NA,NA,83741,NA,3,"AP-2","Yes","Known_motif","Monomer_or_homomultimer","In_vivo/Misc_source","Only_known_motifs_are_from_Transfac_or_HocoMoco_-_origin_is_uncertain._Binds_the_same_GCCTGAGGC_sequence_as_the_other_AP-2s_(PMID:_24789576)"
"ENSP00000008527","CRY1","ENSG00000008405","PHLL1","Chromosome_12:_106,991,364-107,093,549_reverse_strand.",NA,NA,1407,NA,NA,NA,NA,NA,NA,NA,"none"
"ENSP00000219069","ZNF263","ENSG00000006194","FPM315,_ZKSCAN12,_ZSCAN44","Chromosome_16:_3,263,800-3,301,401_forward_strand.",NA,NA,10127,"2.3.3.0.79",551,"C2H2_ZF","Yes","Known_motif","Monomer_or_homomultimer","High-throughput_in_vitro","None"
"ENSP00000262367","CREBBP","ENSG00000005339","CBP,_KAT3A,_RSTS,_RTS","Chromosome_16:_3,725,054-3,880,726_reverse_strand.",NA,NA,1387,NA,1900,"Unknown","No","Unlikely_to_be_sequence_specific_TF","Not_a_DNA_binding_protein","No_motif","CREBBP_is_a_likely_transcriptional_co-activator_based_on_its_domains_and_previous_experimental_evidence._It_has_previously_been_shown_to_not_bind_DNA_sequence-specifically_(PMID:_21539536)_"
"ENSP00000262803","UPF1","ENSG00000005007","HUPF1,_KIAA0221,_NORF1,_RENT1,_pNORF1,_smg-2","Chromosome_19:_18,831,938-18,868,236_forward_strand.",NA,NA,5976,NA,NA,NA,NA,NA,NA,NA,NA
"ENSP00000285814","NIFK","ENSG00000155438","MKI67IP,_Nopp34,_hNIFK","Chromosome_2:_121,726,945-121,736,911_reverse_strand.",NA,NA,84365,NA,NA,NA,NA,NA,NA,NA,NA
"ENSP00000292894","THAP8","ENSG00000161277","FLJ32891","Chromosome_19:_36,034,984-36,054,739_reverse_strand.",NA,NA,199745,"2.9.1.0.8",1739,"THAP_finger","Yes","Likely_to_be_sequence_specific_TF","Monomer_or_homomultimer","No_motif","None"
"ENSP00000321388","ASB4","ENSG00000005981","ASB-4","Chromosome_7:_95,478,444-95,540,233_forward_strand.",NA,NA,51666,NA,NA,NA,NA,NA,NA,NA,NA
"ENSP00000321812","ZNF776","ENSG00000152443","FLJ38288","Chromosome_19:_57,746,815-57,758,148_forward_strand.",NA,NA,284309,"2.3.3.53.2",900,"C2H2_ZF","Yes","Known_motif","Monomer_or_homomultimer","High-throughput_in_vitro","ChIP-seq_motif_is_consistent_with_recognition_code_(RCADE)"
"ENSP00000341280","JARID2","ENSG00000008083","JMJ","Chromosome_6:_15,246,069-15,522,042_forward_strand.",NA,NA,3720,"3.7.1.7.1",14,"ARID/BRIGHT","No","Unlikely_to_be_sequence_specific_TF","Low_specificity_DNA-binding_protein","No_motif","Only_ARID3_and_ARID5_family_members_have_sequence_specificity_(PMID:_15640446)."
"ENSP00000342434","BAZ1B","ENSG00000009954","WBSCR10,_WBSCR9,_WSTF","Chromosome_7:_73,440,406-73,522,293_reverse_strand.",NA,NA,9031,NA,NA,NA,NA,NA,NA,NA,NA
"ENSP00000343054","RBM5","ENSG00000003756","H37,_LUCA-15,_LUCA15","Chromosome_3:_50,088,919-50,119,021_forward_strand.",NA,NA,10181,NA,2445,"Unknown","No","ssDNA/RNA_binding","Not_a_DNA_binding_protein","No_motif","RNA-binding_protein_that_binds_RNA_with_two_RRM-domains_and_regulates_splicing_(PMID:_24486491)"
"ENSP00000345702","NFYA","ENSG00000001167","CBF-B,_HAP2,_NF-YA","Chromosome_6:_41,072,945-41,099,976_forward_strand.",18044,"DNA-Binding:_sequence-specific",4800,"4.2.1.0.1",1005,"CBF/NF-Y","Yes","Known_motif","Obligate_heteromer","In_vivo/Misc_source","Binds_as_a_trimer_with_NFYB_and_NFYC."
"ENSP00000352565","HAND2","ENSG00000164107","Hed,_Thing2,_bHLHa26,_dHand","Chromosome_4:_173,524,969-173,530,229_reverse_strand.",NA,NA,9464,"1.2.3.2.4",73,"bHLH","Yes","Known_motif","Monomer_or_homomultimer","High-throughput_in_vitro","None"
"ENSP00000355249","E2F2","ENSG00000007968","E2F-2","Chromosome_1:_23,506,438-23,531,233_reverse_strand.",NA,NA,1870,"3.3.2.1.2",1098,"E2F","Yes","Known_motif","Monomer_or_homomultimer","High-throughput_in_vitro","Can_also_bind_as_a_heterodimer_with_DP1_(PMID:_16360038)"
"ENSP00000367075","KLHL1","ENSG00000150361","FLJ30047,_KIAA1490,_MRP2","Chromosome_13:_69,700,594-70,108,493_reverse_strand.",NA,NA,57626,NA,NA,NA,NA,NA,NA,NA,NA
"ENSP00000378165","ZNF207","ENSG00000010244","BuGZ","Chromosome_17:_32,350,117-32,381,886_forward_strand.",NA,NA,7756,NA,514,"C2H2_ZF","Yes","Likely_to_be_sequence_specific_TF","Monomer_or_homomultimer","No_motif","None"
"ENSP00000380559","CRAMP1","ENSG00000007545","CRAMP1L,_KIAA1426","Chromosome_16:_1,612,325-1,677,908_forward_strand.",NA,NA,57585,"3.5.1.3.11",1542,"Myb/SANT","No","Unlikely_to_be_sequence_specific_TF","Not_a_DNA_binding_protein","No_motif","Contains_a_single_SANT_domain,_no_evidence_for_sequence-specific_DNA_binding_"
"ENSP00000383042","KDM1A","ENSG00000004487","AOF2,_BHC110,_KDM1,_KIAA0601,_LSD1","Chromosome_1:_23,019,443-23,083,689_forward_strand.",NA,NA,23028,NA,2133,"Unknown","No","Unlikely_to_be_sequence_specific_TF","Low_specificity_DNA-binding_protein","No_motif","Affects_transcription_by_histone_modification_"
"ENSP00000403389","PAX7","ENSG00000009709","Hup1","Chromosome_1:_18,630,846-18,748,866_forward_strand.",18509,"Transcription_Regulatory_Activity:_heterochromatin_interaction/binding;_DNA-Binding:_sequence-specific_",5081,"3.2.1.1.2",1479,"Homeodomain;_Paired_box","Yes","Known_motif","Monomer_or_homomultimer","High-throughput_in_vitro","None"
"ENSP00000407724","CSDE1","ENSG00000009307","D1S155E,_UNR","Chromosome_1:_114,716,913-114,758,676_reverse_strand.",NA,NA,7812,NA,1064,"CSD","No","ssDNA/RNA_binding","Not_a_DNA_binding_protein","No_motif","Established_RNA-binding_protein."
